,Unnamed: 0.9,Unnamed: 0.8,Unnamed: 0.7,Unnamed: 0.6,Unnamed: 0.5,Unnamed: 0.4,Unnamed: 0.3,Unnamed: 0.2,Unnamed: 0.1,Unnamed: 0,train_loss,val_loss,model
0,0.0,0.0,0.0,0.0,0.0,0.0,0.0,0.0,0.0,0.0,0.49930665,0.46181694,0
1,1.0,1.0,1.0,1.0,1.0,1.0,1.0,1.0,1.0,1.0,0.4838296,0.45635286,1
2,2.0,2.0,2.0,2.0,2.0,2.0,2.0,2.0,2.0,2.0,0.56221646,0.5486046,2
3,3.0,3.0,3.0,3.0,3.0,3.0,3.0,3.0,3.0,3.0,0.5650217,0.5570513,3
4,4.0,4.0,4.0,4.0,4.0,4.0,4.0,4.0,4.0,4.0,0.4874321,0.4437676,4
5,5.0,5.0,5.0,5.0,5.0,5.0,5.0,5.0,5.0,5.0,0.4721681,0.44235387,5
6,6.0,6.0,6.0,6.0,6.0,6.0,6.0,6.0,6.0,6.0,0.54406756,0.5234417,6
7,7.0,7.0,7.0,7.0,7.0,7.0,7.0,7.0,7.0,,0.5395126938819885,0.5252451300621033,7
8,8.0,8.0,8.0,8.0,8.0,8.0,8.0,8.0,8.0,,0.4844297468662262,0.4394110143184662,8
9,9.0,9.0,9.0,9.0,9.0,9.0,9.0,9.0,9.0,,0.4695554375648498,0.4395417273044586,9
10,10.0,10.0,10.0,10.0,10.0,10.0,10.0,10.0,10.0,,0.5399564504623413,0.5142353177070618,10
11,11.0,11.0,11.0,11.0,11.0,11.0,11.0,11.0,11.0,,0.5353931784629822,0.5198120474815369,11
12,12.0,12.0,12.0,12.0,12.0,12.0,12.0,12.0,12.0,,0.4943183064460754,0.4495684504508972,12
13,13.0,13.0,13.0,13.0,13.0,13.0,13.0,13.0,13.0,,0.4980855882167816,0.4626362919807434,13
14,14.0,14.0,14.0,14.0,14.0,14.0,14.0,14.0,14.0,,0.5661415457725525,0.5448123216629028,14
15,15.0,15.0,15.0,15.0,15.0,15.0,15.0,15.0,15.0,,0.5805464386940002,0.5585194230079651,15
16,16.0,16.0,16.0,16.0,16.0,16.0,16.0,16.0,16.0,,0.4816989600658417,0.4291903972625732,16
17,17.0,17.0,17.0,17.0,17.0,17.0,17.0,17.0,17.0,,0.48736771941185,0.4484068751335144,17
18,18.0,18.0,18.0,18.0,18.0,18.0,18.0,18.0,18.0,,0.548754870891571,0.5215537548065186,18
19,19.0,19.0,19.0,19.0,19.0,19.0,19.0,19.0,19.0,,0.5573629140853882,0.531114935874939,19
20,20.0,20.0,20.0,20.0,20.0,20.0,20.0,20.0,20.0,,0.4817758798599243,0.432856947183609,20
21,21.0,21.0,21.0,21.0,21.0,21.0,21.0,21.0,21.0,,0.4843416213989258,0.4518941044807434,21
22,22.0,22.0,22.0,22.0,22.0,22.0,22.0,22.0,22.0,,0.5465744137763977,0.5163573026657104,22
23,23.0,23.0,23.0,23.0,23.0,23.0,23.0,23.0,23.0,,0.553327202796936,0.5267292857170105,23
24,24.0,24.0,24.0,24.0,24.0,24.0,24.0,24.0,24.0,,0.4982865154743194,0.4464561343193054,24
25,25.0,25.0,25.0,25.0,25.0,25.0,25.0,25.0,25.0,,0.515847384929657,0.4763474464416504,25
26,26.0,26.0,26.0,26.0,26.0,26.0,26.0,26.0,26.0,,0.5712730884552002,0.5453227162361145,26
27,27.0,27.0,27.0,27.0,27.0,27.0,27.0,27.0,27.0,,0.5973909497261047,0.5658600926399231,27
28,28.0,28.0,28.0,28.0,28.0,28.0,28.0,28.0,28.0,,0.4870226979255676,0.4407297074794769,28
29,29.0,29.0,29.0,29.0,29.0,29.0,29.0,29.0,29.0,,0.5070080757141113,0.4644599556922912,29
30,30.0,30.0,30.0,30.0,30.0,30.0,30.0,30.0,30.0,,0.5589211583137512,0.524860680103302,30
31,31.0,31.0,31.0,31.0,31.0,31.0,31.0,31.0,31.0,,0.5792781114578247,0.5418806076049805,31
32,32.0,32.0,32.0,32.0,32.0,32.0,32.0,32.0,32.0,,0.4837847650051117,0.4379891753196716,32
33,33.0,33.0,33.0,33.0,33.0,33.0,33.0,33.0,33.0,,0.5047290921211243,0.4621807932853699,33
34,34.0,34.0,34.0,34.0,34.0,34.0,34.0,34.0,34.0,,0.556156575679779,0.5216208696365356,34
35,35.0,35.0,35.0,35.0,35.0,35.0,35.0,35.0,35.0,,0.5780019760131836,0.5378455519676208,35
36,36.0,36.0,36.0,36.0,36.0,36.0,36.0,36.0,36.0,,0.5628400444984436,0.5451425313949585,36
37,37.0,37.0,37.0,37.0,37.0,37.0,37.0,37.0,37.0,,0.5946612358093262,0.5391755104064941,37
38,38.0,38.0,38.0,38.0,38.0,38.0,38.0,38.0,38.0,,0.5852432250976562,0.5687761902809143,38
39,39.0,39.0,39.0,39.0,39.0,39.0,39.0,39.0,39.0,,0.5835566520690918,0.5601862668991089,39
40,40.0,40.0,40.0,40.0,40.0,40.0,40.0,40.0,40.0,,0.5889372825622559,0.5638284087181091,40
41,41.0,41.0,41.0,41.0,41.0,41.0,41.0,41.0,41.0,,0.6923806667327881,0.558186411857605,41
42,42.0,42.0,42.0,42.0,42.0,42.0,42.0,42.0,42.0,,0.6181722283363342,0.5896638035774231,42
43,43.0,43.0,43.0,43.0,43.0,43.0,43.0,43.0,43.0,,0.6096560955047607,0.5666218996047974,43
44,44.0,44.0,44.0,44.0,44.0,44.0,44.0,44.0,44.0,,0.6140947937965393,0.5807799100875854,44
45,45.0,45.0,45.0,45.0,45.0,45.0,45.0,45.0,45.0,,0.774738609790802,0.5703450441360474,45
46,46.0,46.0,46.0,46.0,46.0,46.0,46.0,46.0,46.0,,0.6446834802627563,0.5977393388748169,46
47,47.0,47.0,47.0,47.0,47.0,47.0,47.0,47.0,47.0,,0.6801265478134155,0.6235123872756958,47
48,48.0,48.0,48.0,48.0,48.0,48.0,48.0,48.0,48.0,,0.7089717984199524,0.6424659490585327,48
49,49.0,49.0,49.0,49.0,49.0,49.0,49.0,49.0,49.0,,1.2197285890579224,0.7155603766441345,49
50,50.0,50.0,50.0,50.0,50.0,50.0,50.0,50.0,50.0,,0.7445676922798157,0.6525439620018005,50
51,51.0,51.0,51.0,51.0,51.0,51.0,51.0,51.0,51.0,,0.774756908416748,0.7050585746765137,51
52,52.0,52.0,52.0,52.0,52.0,52.0,52.0,52.0,52.0,,0.7256408929824829,0.6469491720199585,52
53,53.0,53.0,53.0,53.0,53.0,53.0,53.0,53.0,53.0,,1.880997896194458,0.6420684456825256,53
54,54.0,54.0,54.0,54.0,54.0,54.0,54.0,54.0,54.0,,0.8152065873146057,0.7000789046287537,54
55,55.0,55.0,55.0,55.0,55.0,55.0,55.0,55.0,55.0,,0.8158629536628723,0.6474260091781616,55
56,56.0,56.0,56.0,56.0,56.0,56.0,56.0,56.0,56.0,,0.7706646919250488,0.6634892225265503,56
57,57.0,57.0,57.0,57.0,57.0,57.0,57.0,57.0,57.0,,4.052649974822998,0.7698133587837219,57
58,58.0,58.0,58.0,58.0,58.0,58.0,58.0,58.0,58.0,,0.8868740797042847,0.8424520492553711,58
59,59.0,59.0,59.0,59.0,59.0,59.0,59.0,59.0,59.0,,0.9661972522735596,0.9136306047439576,59
60,60.0,60.0,60.0,60.0,60.0,60.0,60.0,,,,0.5670462250709534,0.5320124626159668,60
61,61.0,61.0,61.0,61.0,61.0,61.0,61.0,,,,0.6829995512962341,0.5452471375465393,61
62,62.0,62.0,62.0,62.0,62.0,62.0,62.0,,,,0.6018226146697998,0.5635861158370972,62
63,63.0,63.0,63.0,63.0,63.0,63.0,63.0,,,,0.5964744687080383,0.5410432815551758,63
64,64.0,64.0,64.0,64.0,64.0,64.0,64.0,,,,0.600290834903717,0.549898624420166,64
65,65.0,65.0,65.0,65.0,65.0,65.0,65.0,,,,0.8067177534103394,0.5686670541763306,65
66,66.0,66.0,66.0,66.0,66.0,66.0,66.0,,,,0.6495617628097534,0.5944370031356812,66
67,67.0,67.0,67.0,67.0,67.0,67.0,67.0,,,,0.6661001443862915,0.5723971128463745,67
68,68.0,68.0,68.0,68.0,68.0,68.0,68.0,,,,0.6470295786857605,0.5850940942764282,68
69,69.0,69.0,69.0,69.0,69.0,69.0,69.0,,,,0.9762414693832396,0.587206244468689,69
70,70.0,70.0,70.0,70.0,70.0,70.0,70.0,,,,0.7119161486625671,0.6148913502693176,70
71,71.0,71.0,71.0,71.0,71.0,71.0,71.0,,,,0.7644526958465576,0.6657598614692688,71
72,72.0,72.0,72.0,72.0,72.0,72.0,72.0,,,,0.5222156643867493,0.4278282523155212,72
73,73.0,73.0,73.0,73.0,73.0,73.0,73.0,,,,0.5425817370414734,0.4647042751312256,73
74,74.0,74.0,74.0,74.0,74.0,74.0,74.0,,,,0.6349872350692749,0.575905978679657,74
75,75.0,75.0,75.0,75.0,75.0,75.0,75.0,,,,0.6461450457572937,0.5927776098251343,75
76,76.0,76.0,76.0,76.0,76.0,76.0,76.0,,,,0.5222198963165283,0.438474029302597,76
77,77.0,77.0,77.0,77.0,77.0,77.0,77.0,,,,0.5388907790184021,0.4550345540046692,77
78,78.0,78.0,78.0,78.0,78.0,78.0,78.0,,,,0.6244931221008301,0.5710518956184387,78
79,79.0,79.0,79.0,79.0,79.0,79.0,79.0,,,,0.6379859447479248,0.5823953747749329,79
80,80.0,80.0,80.0,80.0,80.0,80.0,80.0,,,,0.5179690718650818,0.4311127662658691,80
81,81.0,81.0,81.0,81.0,81.0,81.0,81.0,,,,0.538437008857727,0.4583300650119781,81
82,82.0,82.0,82.0,82.0,82.0,82.0,82.0,,,,0.6251180768013,0.557663083076477,82
83,83.0,83.0,83.0,83.0,83.0,83.0,83.0,,,,0.6407150030136108,0.5762287378311157,83
84,84.0,84.0,84.0,84.0,84.0,84.0,84.0,,,,0.5641647577285767,0.4662671685218811,84
85,85.0,85.0,85.0,85.0,85.0,85.0,85.0,,,,0.5925772786140442,0.5062981843948364,85
86,86.0,86.0,86.0,86.0,86.0,86.0,86.0,,,,0.6662396788597107,0.5897518992424011,86
87,87.0,87.0,87.0,87.0,87.0,87.0,87.0,,,,0.6847962737083435,0.6059358716011047,87
88,88.0,88.0,88.0,88.0,88.0,88.0,88.0,,,,0.5595567226409912,0.459585577249527,88
89,89.0,89.0,89.0,89.0,89.0,89.0,89.0,,,,0.5948482751846313,0.4942762851715088,89
90,90.0,90.0,90.0,90.0,90.0,90.0,90.0,,,,0.6631700992584229,0.577507495880127,90
91,91.0,91.0,91.0,91.0,91.0,91.0,91.0,,,,0.6823620796203613,0.5963489413261414,91
92,92.0,92.0,92.0,92.0,92.0,92.0,92.0,,,,0.5598439574241638,0.4618025720119476,92
93,93.0,93.0,93.0,93.0,93.0,93.0,93.0,,,,0.5913130044937134,0.4944188594818115,93
94,94.0,94.0,94.0,94.0,94.0,94.0,94.0,,,,0.6585325598716736,0.577879786491394,94
95,95.0,95.0,95.0,95.0,95.0,95.0,95.0,,,,0.6841006278991699,0.5991273522377014,95
96,96.0,96.0,96.0,96.0,96.0,96.0,96.0,,,,0.6318057775497437,0.5218487977981567,96
97,97.0,97.0,97.0,97.0,97.0,97.0,97.0,,,,0.6647377610206604,0.5597303509712219,97
98,98.0,98.0,98.0,98.0,98.0,98.0,98.0,,,,0.7291545271873474,0.627556324005127,98
99,99.0,99.0,99.0,99.0,99.0,99.0,99.0,,,,0.7470805644989014,0.6391196250915527,99
100,100.0,100.0,100.0,100.0,100.0,100.0,100.0,,,,0.6286053657531738,0.5180538892745972,100
101,101.0,101.0,101.0,101.0,101.0,101.0,101.0,,,,0.666799783706665,0.556280255317688,101
102,102.0,102.0,102.0,102.0,102.0,102.0,102.0,,,,0.7196511030197144,0.6198707222938538,102
103,103.0,103.0,103.0,103.0,103.0,103.0,103.0,,,,0.7403558492660522,0.6374271512031555,103
104,104.0,104.0,104.0,104.0,104.0,104.0,104.0,,,,0.6300116181373596,0.5243341326713562,104
105,105.0,105.0,105.0,105.0,105.0,105.0,105.0,,,,0.6566911935806274,0.5601505637168884,105
106,106.0,106.0,106.0,106.0,106.0,106.0,106.0,,,,0.7229800224304199,0.6173725724220276,106
107,107.0,107.0,107.0,107.0,107.0,107.0,107.0,,,,0.7491583824157715,0.639647901058197,107
108,108.0,108.0,108.0,108.0,108.0,108.0,108.0,,,,0.7062874436378479,0.6553428769111633,108
109,109.0,109.0,109.0,109.0,109.0,109.0,109.0,,,,2.5112197399139404,0.9819930195808412,109
110,110.0,110.0,110.0,110.0,110.0,110.0,110.0,,,,0.7399572134017944,0.6558825969696045,110
111,111.0,111.0,111.0,111.0,111.0,111.0,111.0,,,,0.6997681260108948,0.6774176359176636,111
112,112.0,112.0,112.0,112.0,112.0,112.0,112.0,,,,0.7608911991119385,0.6840370893478394,112
113,113.0,113.0,113.0,113.0,113.0,113.0,113.0,,,,2.925445318222046,0.9169840812683104,113
114,114.0,114.0,114.0,114.0,114.0,114.0,114.0,,,,0.8076772093772888,0.7177265286445618,114
115,115.0,115.0,115.0,115.0,115.0,115.0,115.0,,,,0.6499194502830505,0.5787752270698547,115
116,116.0,116.0,116.0,116.0,116.0,116.0,116.0,,,,0.8191484808921814,0.7405120134353638,116
117,117.0,117.0,117.0,117.0,117.0,117.0,117.0,,,,7.583662033081055,0.9755032658576964,117
118,118.0,118.0,118.0,118.0,118.0,118.0,118.0,,,,0.872036337852478,0.8525505065917969,118
119,119.0,119.0,119.0,119.0,119.0,119.0,119.0,,,,0.7678880095481873,0.7195156812667847,119
120,120.0,120.0,120.0,120.0,120.0,120.0,,,,,0.5840550065040588,0.5540412664413452,120
121,121.0,121.0,121.0,121.0,121.0,121.0,,,,,0.9270090460777284,0.5928033590316772,121
122,122.0,122.0,122.0,122.0,122.0,122.0,,,,,0.6141824126243591,0.5758852958679199,122
123,123.0,123.0,123.0,123.0,123.0,123.0,,,,,0.5764854550361633,0.5457301139831543,123
124,124.0,124.0,124.0,124.0,124.0,124.0,,,,,0.6128191351890564,0.5703009366989136,124
125,125.0,125.0,125.0,125.0,125.0,125.0,,,,,1.1364086866378784,0.6288761496543884,125
126,126.0,126.0,126.0,126.0,126.0,126.0,,,,,0.6422865986824036,0.5898857116699219,126
127,127.0,127.0,127.0,127.0,127.0,127.0,,,,,0.6066054701805115,0.5631084442138672,127
128,128.0,128.0,128.0,128.0,128.0,128.0,,,,,0.6446164846420288,0.5825254321098328,128
129,129.0,129.0,129.0,129.0,129.0,129.0,,,,,1.5546629428863523,0.7259100675582886,129
130,130.0,130.0,130.0,130.0,130.0,130.0,,,,,0.6919487118721008,0.608691394329071,130
131,131.0,131.0,131.0,131.0,131.0,131.0,,,,,0.6703307628631592,0.6263931393623352,131
132,132.0,132.0,132.0,132.0,132.0,132.0,,,,,0.7918620109558105,0.6845203638076782,132
133,133.0,133.0,133.0,133.0,133.0,133.0,,,,,2.6922664642333984,0.881203293800354,133
134,134.0,134.0,134.0,134.0,134.0,134.0,,,,,0.8620597720146179,0.749630868434906,134
135,135.0,135.0,135.0,135.0,135.0,135.0,,,,,0.7697195410728455,0.696344792842865,135
136,136.0,136.0,136.0,136.0,136.0,136.0,,,,,0.8704461455345154,0.795002281665802,136
137,137.0,137.0,137.0,137.0,137.0,137.0,,,,,6.543171405792236,1.042849063873291,137
138,138.0,138.0,138.0,138.0,138.0,138.0,,,,,0.9367072582244872,0.8435255289077759,138
139,139.0,139.0,139.0,139.0,139.0,139.0,,,,,0.762856662273407,0.6442416310310364,139
140,140.0,140.0,140.0,140.0,140.0,140.0,,,,,0.9400689601898192,0.8611994981765747,140
141,141.0,141.0,141.0,141.0,141.0,141.0,,,,,14.42320442199707,1.2780612707138062,141
142,142.0,142.0,142.0,142.0,142.0,142.0,,,,,0.9764764308929444,0.9379191398620604,142
143,143.0,143.0,143.0,143.0,143.0,143.0,,,,,0.8800361752510071,0.8022351264953613,143
144,144.0,144.0,144.0,144.0,144.0,,,,,,0.5420362949371338,0.5027509927749634,144
145,145.0,145.0,145.0,145.0,145.0,,,,,,0.5234836935997009,0.505724310874939,145
146,146.0,146.0,146.0,146.0,146.0,,,,,,0.5617450475692749,0.5314874053001404,146
147,147.0,147.0,147.0,147.0,147.0,,,,,,1.093752384185791,1.1010421514511108,147
148,148.0,148.0,148.0,148.0,148.0,,,,,,0.546689510345459,0.5067043304443359,148
149,149.0,149.0,149.0,149.0,149.0,,,,,,0.5223276615142822,0.5043398141860962,149
150,150.0,150.0,150.0,150.0,150.0,,,,,,0.5525295734405518,0.5163291692733765,150
151,151.0,151.0,151.0,151.0,151.0,,,,,,0.8970579504966736,0.8821566700935364,151
152,152.0,152.0,152.0,152.0,152.0,,,,,,0.5428245067596436,0.5051275491714478,152
153,153.0,153.0,153.0,153.0,153.0,,,,,,0.5181390047073364,0.5026313066482544,153
154,154.0,154.0,154.0,154.0,154.0,,,,,,0.5503306984901428,0.5086737871170044,154
155,155.0,155.0,155.0,155.0,155.0,,,,,,0.5987648963928223,0.5471466779708862,155
156,156.0,156.0,156.0,156.0,156.0,,,,,,0.5437139272689819,0.4974828362464905,156
157,157.0,157.0,157.0,157.0,157.0,,,,,,0.536746621131897,0.5087112188339233,157
158,158.0,158.0,158.0,158.0,158.0,,,,,,0.5627018213272095,0.5182211995124817,158
159,159.0,159.0,159.0,159.0,159.0,,,,,,1.098118782043457,1.0988142490386963,159
160,160.0,160.0,160.0,160.0,160.0,,,,,,0.5428965091705322,0.5038554072380066,160
161,161.0,161.0,161.0,161.0,161.0,,,,,,0.5347576141357422,0.505344033241272,161
162,162.0,162.0,162.0,162.0,162.0,,,,,,0.5594933032989502,0.5079149007797241,162
163,163.0,163.0,163.0,163.0,163.0,,,,,,1.006789207458496,0.992762565612793,163
164,164.0,164.0,164.0,164.0,164.0,,,,,,0.5412949919700623,0.4938375949859619,164
165,165.0,165.0,165.0,165.0,165.0,,,,,,0.5378778576850891,0.5049748420715332,165
166,166.0,166.0,166.0,166.0,166.0,,,,,,0.5595129132270813,0.5105980634689331,166
167,167.0,167.0,167.0,167.0,167.0,,,,,,0.6230676770210266,0.5521531105041504,167
168,168.0,168.0,168.0,168.0,168.0,,,,,,0.5488277673721313,0.4977962374687195,168
169,169.0,169.0,169.0,169.0,169.0,,,,,,0.5572302341461182,0.5194662809371948,169
170,170.0,170.0,170.0,170.0,170.0,,,,,,0.5811559557914734,0.5253937244415283,170
171,171.0,171.0,171.0,171.0,171.0,,,,,,1.0990607738494873,1.0985150337219238,171
172,172.0,172.0,172.0,172.0,172.0,,,,,,0.5498721599578857,0.5032749772071838,172
173,173.0,173.0,173.0,173.0,173.0,,,,,,0.5590605139732361,0.5140001773834229,173
174,174.0,174.0,174.0,174.0,174.0,,,,,,0.5782180428504944,0.5141967535018921,174
175,175.0,175.0,175.0,175.0,175.0,,,,,,1.0990653038024902,1.0986286401748655,175
176,176.0,176.0,176.0,176.0,176.0,,,,,,0.5523102879524231,0.5020459294319153,176
177,177.0,177.0,177.0,177.0,177.0,,,,,,0.5569729804992676,0.518047034740448,177
178,178.0,178.0,178.0,178.0,178.0,,,,,,0.5778478980064392,0.515619158744812,178
179,179.0,179.0,179.0,179.0,179.0,,,,,,0.6842237114906311,0.5718718767166138,179
180,180.0,180.0,180.0,180.0,180.0,,,,,,0.5720051527023315,0.5428856611251831,180
181,181.0,181.0,181.0,181.0,181.0,,,,,,0.5628231763839722,0.5334489345550537,181
182,182.0,182.0,182.0,182.0,182.0,,,,,,0.5936499238014221,0.560869574546814,182
183,183.0,183.0,183.0,183.0,183.0,,,,,,1.094052791595459,1.1012256145477295,183
184,184.0,184.0,184.0,184.0,184.0,,,,,,0.6085065007209778,0.5718494653701782,184
185,185.0,185.0,185.0,185.0,185.0,,,,,,0.5957680344581604,0.5577940940856934,185
186,186.0,186.0,186.0,186.0,186.0,,,,,,0.6421570777893066,0.5897374749183655,186
187,187.0,187.0,187.0,187.0,187.0,,,,,,0.7680132389068604,0.6350191831588745,187
188,188.0,188.0,188.0,188.0,188.0,,,,,,0.6494994163513184,0.5881327986717224,188
189,189.0,189.0,189.0,189.0,189.0,,,,,,0.6224902868270874,0.5865098237991333,189
190,190.0,190.0,190.0,190.0,190.0,,,,,,0.6912016868591309,0.6235121488571167,190
191,191.0,191.0,191.0,191.0,191.0,,,,,,0.937325119972229,0.7542300224304199,191
192,192.0,192.0,192.0,192.0,192.0,,,,,,0.7800507545471191,0.6830164790153503,192
193,193.0,193.0,193.0,193.0,193.0,,,,,,0.7383919358253479,0.69086092710495,193
194,194.0,194.0,194.0,194.0,194.0,,,,,,0.8749632835388184,0.7217937707901001,194
195,195.0,195.0,195.0,195.0,195.0,,,,,,1.1004347801208496,1.098003387451172,195
196,196.0,196.0,196.0,196.0,196.0,,,,,,0.844869077205658,0.6970263123512268,196
197,197.0,197.0,197.0,197.0,197.0,,,,,,0.7717693448066711,0.6586779356002808,197
198,198.0,198.0,198.0,198.0,198.0,,,,,,0.9736248254776,0.9335474967956544,198
199,199.0,199.0,199.0,199.0,199.0,,,,,,1.095302700996399,1.0957460403442385,199
200,200.0,200.0,200.0,200.0,200.0,,,,,,0.9352139234542848,0.8308602571487427,200
201,201.0,201.0,201.0,201.0,201.0,,,,,,0.9244035482406616,0.6603357791900635,201
202,202.0,202.0,202.0,202.0,202.0,,,,,,1.0403661727905271,1.0231821537017822,202
203,203.0,203.0,203.0,203.0,203.0,,,,,,1.131791114807129,1.1102350950241089,203
204,204.0,204.0,204.0,204.0,,,,,,,0.5842463970184326,0.5372703671455383,204
205,205.0,205.0,205.0,205.0,,,,,,,0.5929756164550781,0.5468881130218506,205
206,206.0,206.0,206.0,206.0,,,,,,,0.6235945820808411,0.5669252872467041,206
207,207.0,207.0,207.0,207.0,,,,,,,1.099178433418274,1.0985647439956665,207
208,208.0,208.0,208.0,208.0,,,,,,,0.6504549384117126,0.573499321937561,208
209,209.0,209.0,209.0,209.0,,,,,,,0.6527097821235657,0.5990182161331177,209
210,210.0,210.0,210.0,210.0,,,,,,,0.7050958275794983,0.6173161268234253,210
211,211.0,211.0,211.0,211.0,,,,,,,1.014930009841919,0.7992443442344666,211
212,212.0,212.0,212.0,212.0,,,,,,,0.7320061326026917,0.6269069314002991,212
213,213.0,213.0,213.0,213.0,,,,,,,0.6685211658477783,0.6025053858757019,213
214,214.0,214.0,214.0,214.0,,,,,,,0.8391387462615967,0.6994268894195557,214
215,215.0,215.0,215.0,215.0,,,,,,,1.0980002880096436,1.0854051113128662,215
216,216.0,216.0,216.0,216.0,,,,,,,0.585888147354126,0.4968243539333343,216
217,217.0,217.0,217.0,217.0,,,,,,,0.7469760179519653,0.6360621452331543,217
218,218.0,218.0,218.0,218.0,,,,,,,0.730082631111145,0.6528252959251404,218
219,219.0,219.0,219.0,219.0,,,,,,,1.0692042112350464,1.034271478652954,219
220,220.0,220.0,220.0,220.0,,,,,,,0.5826732516288757,0.4755792617797851,220
221,221.0,221.0,221.0,221.0,,,,,,,0.7351784706115723,0.6220248341560364,221
222,222.0,222.0,222.0,222.0,,,,,,,0.738777756690979,0.6564131379127502,222
223,223.0,223.0,223.0,223.0,,,,,,,1.0732423067092896,1.0446429252624512,223
224,224.0,224.0,224.0,224.0,,,,,,,0.5852528810501099,0.4657210409641266,224
225,225.0,225.0,225.0,225.0,,,,,,,0.7507789731025696,0.6380671262741089,225
226,226.0,226.0,226.0,226.0,,,,,,,0.7369229197502136,0.6597510576248169,226
227,227.0,227.0,227.0,227.0,,,,,,,1.0717347860336304,1.0362656116485596,227
228,228.0,228.0,228.0,228.0,,,,,,,0.6793575882911682,0.5614116787910461,228
229,229.0,229.0,229.0,229.0,,,,,,,0.8621349334716797,0.7174510955810547,229
230,230.0,230.0,230.0,230.0,,,,,,,0.8193016648292542,0.7221207618713379,230
231,231.0,231.0,231.0,231.0,,,,,,,1.0919212102890017,1.0824573040008545,231
232,232.0,232.0,232.0,232.0,,,,,,,0.6683276295661926,0.5613731145858765,232
233,233.0,233.0,233.0,233.0,,,,,,,0.8710522651672363,0.7174513339996338,233
234,234.0,234.0,234.0,234.0,,,,,,,0.8219107985496521,0.7244888544082642,234
235,235.0,235.0,235.0,235.0,,,,,,,1.0913991928100586,1.0830587148666382,235
236,236.0,236.0,236.0,236.0,,,,,,,0.6722300052642822,0.5646194219589233,236
237,237.0,237.0,237.0,237.0,,,,,,,0.8570918440818787,0.7125812768936157,237
238,238.0,238.0,238.0,238.0,,,,,,,0.819174587726593,0.7207034826278687,238
239,239.0,239.0,239.0,239.0,,,,,,,1.090275526046753,1.0813919305801392,239
240,240.0,240.0,240.0,240.0,,,,,,,0.8067024350166321,0.7001277804374695,240
241,241.0,241.0,241.0,241.0,,,,,,,1.039332389831543,0.9643950462341307,241
242,242.0,242.0,242.0,242.0,,,,,,,0.9516137838363647,0.8475756645202637,242
243,243.0,243.0,243.0,243.0,,,,,,,1.0981329679489136,1.0955349206924438,243
244,244.0,244.0,244.0,244.0,,,,,,,0.7916444540023804,0.6763461828231812,244
245,245.0,245.0,245.0,245.0,,,,,,,1.0263721942901611,0.9500616788864136,245
246,246.0,246.0,246.0,246.0,,,,,,,0.943105697631836,0.8365737199783325,246
247,247.0,247.0,247.0,247.0,,,,,,,1.0997544527053833,1.0944522619247437,247
248,248.0,248.0,248.0,248.0,,,,,,,0.7966084480285645,0.6929701566696167,248
249,249.0,249.0,249.0,249.0,,,,,,,1.0193285942077637,0.931376814842224,249
250,250.0,250.0,250.0,250.0,,,,,,,0.9421226978302002,0.840461254119873,250
251,251.0,251.0,251.0,251.0,,,,,,,1.0966875553131104,1.0939985513687134,251
252,252.0,252.0,252.0,252.0,,,,,,,0.7636038064956665,0.7350775599479675,252
253,253.0,253.0,253.0,253.0,,,,,,,1.5972163677215576,0.9295132756233216,253
254,254.0,254.0,254.0,254.0,,,,,,,0.8290419578552246,0.7810904383659363,254
255,255.0,255.0,255.0,255.0,,,,,,,0.965922236442566,0.84941565990448,255
256,256.0,256.0,256.0,256.0,,,,,,,0.7694905996322632,0.7183679938316345,256
257,257.0,257.0,257.0,257.0,,,,,,,2.345423460006714,0.7729238867759705,257
258,258.0,258.0,258.0,258.0,,,,,,,0.8813020586967468,0.8355045318603516,258
259,259.0,259.0,259.0,259.0,,,,,,,1.033130764961243,1.0008152723312378,259
260,260.0,260.0,260.0,260.0,,,,,,,0.8345565795898438,0.7562490105628967,260
261,261.0,261.0,261.0,261.0,,,,,,,7.463962554931641,0.858791708946228,261
262,262.0,262.0,262.0,262.0,,,,,,,0.9581084251403807,0.95064514875412,262
263,263.0,263.0,263.0,263.0,,,,,,,1.0598264932632446,1.0909286737442017,263
264,264.0,264.0,264.0,,,,,,,,0.6742764115333557,0.7598450183868408,264
265,265.0,265.0,265.0,,,,,,,,1.122279167175293,0.9732592701911926,265
266,266.0,266.0,266.0,,,,,,,,0.6924286484718323,0.6915123462677002,266
267,267.0,267.0,267.0,,,,,,,,0.721638560295105,0.7207229137420654,267
268,268.0,268.0,268.0,,,,,,,,0.670149564743042,0.740090012550354,268
269,269.0,269.0,269.0,,,,,,,,118.5536880493164,0.8447751998901367,269
270,270.0,270.0,270.0,,,,,,,,0.6925621628761292,0.6811822652816772,270
271,271.0,271.0,271.0,,,,,,,,0.7221252918243408,0.7189921736717224,271
272,272.0,272.0,272.0,,,,,,,,0.6683117151260376,0.7234107851982117,272
273,273.0,273.0,273.0,,,,,,,,2.9541847705841064,0.9768322110176086,273
274,274.0,274.0,274.0,,,,,,,,0.6919305324554443,0.6881888508796692,274
275,275.0,275.0,275.0,,,,,,,,0.7187613844871521,0.7185958027839661,275
276,276.0,276.0,276.0,,,,,,,,0.688188374042511,0.7153161764144897,276
277,277.0,277.0,277.0,,,,,,,,1.267036199569702,0.967781901359558,277
278,278.0,278.0,278.0,,,,,,,,0.7156816124916077,0.6948649883270264,278
279,279.0,279.0,279.0,,,,,,,,0.7438801527023315,0.7042524218559265,279
280,280.0,280.0,280.0,,,,,,,,0.6870670318603516,0.7182382941246033,280
281,281.0,281.0,281.0,,,,,,,,1.1696947813034058,0.8582426309585571,281
282,282.0,282.0,282.0,,,,,,,,0.7168488502502441,0.7154725193977356,282
283,283.0,283.0,283.0,,,,,,,,0.7469733357429504,0.7065616846084595,283
284,284.0,284.0,284.0,,,,,,,,0.6839514374732971,0.6978215575218201,284
285,285.0,285.0,285.0,,,,,,,,1.0891451835632324,0.8948951959609985,285
286,286.0,286.0,286.0,,,,,,,,0.7174331545829773,0.7097051739692688,286
287,287.0,287.0,287.0,,,,,,,,0.7549272179603577,0.7044574618339539,287
288,288.0,288.0,288.0,,,,,,,,0.5820625424385071,0.6385267972946167,288
289,289.0,289.0,289.0,,,,,,,,0.5294689536094666,0.5304076075553894,289
290,290.0,290.0,290.0,,,,,,,,0.6098190546035767,0.616011917591095,290
291,291.0,291.0,291.0,,,,,,,,0.5815820693969727,0.5775750279426575,291
292,292.0,292.0,292.0,,,,,,,,0.5790351033210754,0.6453235745429993,292
293,293.0,293.0,293.0,,,,,,,,0.5271480083465576,0.5267674326896667,293
294,294.0,294.0,294.0,,,,,,,,0.6084597110748291,0.6144682168960571,294
295,295.0,295.0,295.0,,,,,,,,0.5776770114898682,0.573965311050415,295
296,296.0,296.0,296.0,,,,,,,,0.5789344906806946,0.647270143032074,296
297,297.0,297.0,297.0,,,,,,,,0.5273334980010986,0.5276517271995544,297
298,298.0,298.0,298.0,,,,,,,,0.6083810925483704,0.6127398610115051,298
299,299.0,299.0,299.0,,,,,,,,0.5779774188995361,0.5736883282661438,299
300,300.0,300.0,300.0,,,,,,,,0.589650571346283,0.5977858304977417,300
301,301.0,301.0,301.0,,,,,,,,0.562816858291626,0.5449457764625549,301
302,302.0,302.0,302.0,,,,,,,,0.6268221139907837,0.5995470881462097,302
303,303.0,303.0,303.0,,,,,,,,0.6209514141082764,0.5947496294975281,303
304,304.0,304.0,304.0,,,,,,,,0.5894344449043274,0.6038016080856323,304
305,305.0,305.0,305.0,,,,,,,,0.5595234036445618,0.5426129102706909,305
306,306.0,306.0,306.0,,,,,,,,0.6266914010047913,0.601558268070221,306
307,307.0,307.0,307.0,,,,,,,,0.617910623550415,0.591448962688446,307
308,308.0,308.0,308.0,,,,,,,,0.5895432233810425,0.6075431704521179,308
309,309.0,309.0,309.0,,,,,,,,0.5613980293273926,0.541983425617218,309
310,310.0,310.0,310.0,,,,,,,,0.6270171403884888,0.5970990061759949,310
311,311.0,311.0,311.0,,,,,,,,0.6188585758209229,0.5922884941101074,311
312,312.0,312.0,312.0,,,,,,,,0.6115107536315918,0.5909448266029358,312
313,313.0,313.0,313.0,,,,,,,,0.616985559463501,0.5736508965492249,313
314,314.0,314.0,314.0,,,,,,,,0.6672425866127014,0.6149228811264038,314
315,315.0,315.0,315.0,,,,,,,,0.6818678379058838,0.6314170956611633,315
316,316.0,316.0,316.0,,,,,,,,0.6111744046211243,0.5864744186401367,316
317,317.0,317.0,317.0,,,,,,,,0.6156815886497498,0.5717536807060242,317
318,318.0,318.0,318.0,,,,,,,,0.6685576438903809,0.6184917688369751,318
319,319.0,319.0,319.0,,,,,,,,0.6819028258323669,0.6317688226699829,319
320,320.0,320.0,320.0,,,,,,,,0.610037624835968,0.5887688994407654,320
321,321.0,321.0,321.0,,,,,,,,0.619403600692749,0.573384702205658,321
322,322.0,322.0,322.0,,,,,,,,0.668973445892334,0.6164929270744324,322
323,323.0,323.0,323.0,,,,,,,,0.6815833449363708,0.632823646068573,323
324,324.0,324.0,324.0,,,,,,,,0.7103881239891052,0.8122376203536987,324
325,325.0,325.0,325.0,,,,,,,,4.8603949546813965,1.021877408027649,325
326,326.0,326.0,326.0,,,,,,,,0.7146174907684326,0.7470189332962036,326
327,327.0,327.0,327.0,,,,,,,,0.7131698131561279,0.7330085039138794,327
328,328.0,328.0,328.0,,,,,,,,0.7076535820960999,0.7858270406723022,328
329,329.0,329.0,329.0,,,,,,,,6315.62939453125,3.926479816436768,329
330,330.0,330.0,330.0,,,,,,,,0.7101148366928101,0.7230051159858704,330
331,331.0,331.0,331.0,,,,,,,,0.7093836069107056,0.7278666496276855,331
332,332.0,332.0,332.0,,,,,,,,0.7074048519134521,0.8006577491760254,332
333,333.0,333.0,333.0,,,,,,,,17171.26171875,1.0245119333267212,333
334,334.0,334.0,334.0,,,,,,,,0.7091957926750183,0.720952033996582,334
335,335.0,335.0,335.0,,,,,,,,0.7163882255554199,0.7348734736442566,335
336,336.0,336.0,336.0,,,,,,,,0.7233928442001343,0.7555615901947021,336
337,337.0,337.0,337.0,,,,,,,,1491.4447021484375,1.1397899389266968,337
338,338.0,338.0,338.0,,,,,,,,0.7265892028808594,0.7154123187065125,338
339,339.0,339.0,339.0,,,,,,,,0.7037810683250427,0.7199323773384094,339
340,340.0,340.0,340.0,,,,,,,,0.7227520942687988,0.7471122145652771,340
341,341.0,341.0,341.0,,,,,,,,1175.2498779296875,1.895310401916504,341
342,342.0,342.0,342.0,,,,,,,,0.7274456024169922,0.7146898508071899,342
343,343.0,343.0,343.0,,,,,,,,0.7031246423721313,0.7230125069618225,343
344,344.0,344.0,344.0,,,,,,,,0.7233108282089233,0.7564256191253662,344
345,345.0,345.0,345.0,,,,,,,,9695.291015625,1.016859531402588,345
346,346.0,346.0,346.0,,,,,,,,0.7243101000785828,0.7116121053695679,346
347,347.0,347.0,347.0,,,,,,,,0.7039678692817688,0.7121726274490356,347
348,348.0,348.0,348.0,,,,,,,,0.7515308856964111,0.7239152193069458,348
349,349.0,349.0,349.0,,,,,,,,3.649292230606079,0.8958519697189331,349
350,350.0,350.0,350.0,,,,,,,,0.7580801248550415,0.7315030097961426,350
351,351.0,351.0,351.0,,,,,,,,0.6969888806343079,0.7022054195404053,351
352,352.0,352.0,352.0,,,,,,,,0.7499686479568481,0.7200562357902527,352
353,353.0,353.0,353.0,,,,,,,,11.53311538696289,0.9609767198562622,353
354,354.0,354.0,354.0,,,,,,,,0.7557060718536377,0.7210487127304077,354
355,355.0,355.0,355.0,,,,,,,,0.6970478296279907,0.7034393548965454,355
356,356.0,356.0,356.0,,,,,,,,0.7471461296081543,0.7206560373306274,356
357,357.0,357.0,357.0,,,,,,,,26.827077865600582,1.940881967544556,357
358,358.0,358.0,358.0,,,,,,,,0.758525550365448,0.7254568934440613,358
359,359.0,359.0,359.0,,,,,,,,0.6961740255355835,0.7035560607910156,359
360,360.0,360.0,360.0,,,,,,,,0.5929060578346252,0.6725223064422607,360
361,361.0,361.0,361.0,,,,,,,,0.6613951325416565,0.5662220120429993,361
362,362.0,362.0,362.0,,,,,,,,0.6274850368499756,0.642076849937439,362
363,363.0,363.0,363.0,,,,,,,,1.094854712486267,1.1045444011688232,363
364,364.0,364.0,364.0,,,,,,,,0.5942448973655701,0.665472686290741,364
365,365.0,365.0,365.0,,,,,,,,0.6062819957733154,0.5659656524658203,365
366,366.0,366.0,366.0,,,,,,,,0.6282861232757568,0.6324353814125061,366
367,367.0,367.0,367.0,,,,,,,,1.094881534576416,1.1044261455535889,367
368,368.0,368.0,368.0,,,,,,,,0.5924322605133057,0.6673232913017273,368
369,369.0,369.0,369.0,,,,,,,,0.61287522315979,0.561855673789978,369
370,370.0,370.0,370.0,,,,,,,,0.6265263557434082,0.6415621042251587,370
371,371.0,371.0,371.0,,,,,,,,1.094885230064392,1.104513168334961,371
372,372.0,372.0,372.0,,,,,,,,0.5999260544776917,0.6263051629066467,372
373,373.0,373.0,373.0,,,,,,,,0.6935195922851562,0.5729260444641113,373
374,374.0,374.0,374.0,,,,,,,,0.6538333296775818,0.616804301738739,374
375,375.0,375.0,375.0,,,,,,,,1.0970149040222168,1.102709412574768,375
376,376.0,376.0,376.0,,,,,,,,0.6021272540092468,0.6246665120124817,376
377,377.0,377.0,377.0,,,,,,,,0.6920334696769714,0.5792562961578369,377
378,378.0,378.0,378.0,,,,,,,,0.6541728377342224,0.6041982769966125,378
379,379.0,379.0,379.0,,,,,,,,1.0970544815063477,1.102723479270935,379
380,380.0,380.0,380.0,,,,,,,,0.5943669080734253,0.6139301061630249,380
381,381.0,381.0,381.0,,,,,,,,0.6855709552764893,0.5660277605056763,381
382,382.0,382.0,382.0,,,,,,,,0.6561309099197388,0.6136443018913269,382
383,383.0,383.0,383.0,,,,,,,,1.0969102382659912,1.102729320526123,383
384,384.0,384.0,384.0,,,,,,,,0.6213480234146118,0.6052448153495789,384
385,385.0,385.0,385.0,,,,,,,,0.9402675628662108,0.7849761247634888,385
386,386.0,386.0,386.0,,,,,,,,0.7103959918022156,0.629547655582428,386
387,387.0,387.0,387.0,,,,,,,,1.098503828048706,1.1003390550613403,387
388,388.0,388.0,388.0,,,,,,,,0.6135534048080444,0.5977404713630676,388
389,389.0,389.0,389.0,,,,,,,,0.8776710033416748,0.6323103904724121,389
390,390.0,390.0,390.0,,,,,,,,0.7113239765167236,0.6346243619918823,390
391,391.0,391.0,391.0,,,,,,,,1.0986496210098269,1.1002453565597534,391
392,392.0,392.0,392.0,,,,,,,,0.6202682852745056,0.5861028432846069,392
393,393.0,393.0,393.0,,,,,,,,0.8515875339508057,0.5914967656135559,393
394,394.0,394.0,394.0,,,,,,,,0.7114132642745972,0.6268850564956665,394
395,395.0,395.0,395.0,,,,,,,,1.0987417697906494,1.1003367900848389,395
396,396.0,396.0,396.0,,,,,,,,0.6579979658126831,0.7641791701316833,396
397,397.0,397.0,,,,,,,,,0.6844965219497681,0.6786612272262573,397
398,398.0,398.0,,,,,,,,,0.662421464920044,0.6862562894821167,398
399,399.0,399.0,,,,,,,,,1.0948753356933594,1.104475975036621,399
400,400.0,400.0,,,,,,,,,0.6539998650550842,0.7522996664047241,400
401,401.0,401.0,,,,,,,,,0.6937972903251648,0.6910527944564819,401
402,402.0,402.0,,,,,,,,,0.6609286665916443,0.7038747072219849,402
403,403.0,403.0,,,,,,,,,1.0948296785354614,1.1044986248016355,403
404,404.0,404.0,,,,,,,,,0.658226728439331,0.7386711835861206,404
405,405.0,405.0,,,,,,,,,0.6825136542320251,0.6781744956970215,405
406,406.0,406.0,,,,,,,,,0.6611629724502563,0.6920743584632874,406
407,407.0,407.0,,,,,,,,,1.094846248626709,1.104584813117981,407
408,408.0,408.0,,,,,,,,,0.6632139086723328,0.7220683693885803,408
409,409.0,409.0,,,,,,,,,0.6915676593780518,0.6846807599067688,409
410,410.0,410.0,,,,,,,,,0.6905580759048462,0.6742855310440063,410
411,411.0,411.0,,,,,,,,,1.096916913986206,1.102666258811951,411
412,412.0,412.0,,,,,,,,,0.6625530123710632,0.7260439395904541,412
413,413.0,413.0,,,,,,,,,0.6939631700515747,0.6800833940505981,413
414,414.0,414.0,,,,,,,,,0.6879850625991821,0.6738290786743164,414
415,415.0,415.0,,,,,,,,,1.0969595909118652,1.1027164459228516,415
416,416.0,416.0,,,,,,,,,0.6624414324760437,0.7106180191040039,416
417,417.0,417.0,,,,,,,,,0.686465322971344,0.6762585043907166,417
418,418.0,418.0,,,,,,,,,0.6889857649803162,0.6749890446662903,418
419,419.0,419.0,,,,,,,,,1.0970232486724854,1.102682113647461,419
420,420.0,420.0,,,,,,,,,0.6798253059387207,0.7187195420265198,420
421,421.0,421.0,,,,,,,,,0.6926669478416443,0.6696950793266296,421
422,422.0,422.0,,,,,,,,,0.7424063682556152,0.733160138130188,422
423,423.0,423.0,,,,,,,,,1.0982319116592407,1.100310206413269,423
424,424.0,424.0,,,,,,,,,0.6751366257667542,0.7189962863922119,424
425,425.0,425.0,,,,,,,,,0.6900920867919922,0.667205274105072,425
426,426.0,426.0,,,,,,,,,0.7388535141944885,0.6810385584831238,426
427,427.0,427.0,,,,,,,,,1.0982182025909424,1.1003005504608154,427
428,428.0,428.0,,,,,,,,,0.6732129454612732,0.7221086621284485,428
429,429.0,429.0,,,,,,,,,0.6929880380630493,0.6656827330589294,429
430,430.0,430.0,,,,,,,,,0.7351706027984619,0.7095251679420471,430
431,431.0,431.0,,,,,,,,,1.098463535308838,1.1003512144088743,431
432,432.0,432.0,,,,,,,,,0.4821619391441345,0.7801006436347961,432
433,433.0,433.0,,,,,,,,,0.4536159932613373,0.6012722253799438,433
434,434.0,434.0,,,,,,,,,0.5416795015335083,0.6621456742286682,434
435,435.0,435.0,,,,,,,,,0.5133625268936157,0.5968925356864929,435
436,436.0,436.0,,,,,,,,,0.481175035238266,0.7455748915672302,436
437,437.0,437.0,,,,,,,,,0.4493786990642547,0.6061578392982483,437
438,438.0,438.0,,,,,,,,,0.5265603065490723,0.6377139687538147,438
439,439.0,439.0,,,,,,,,,0.4952103793621063,0.5680361390113831,439
440,440.0,440.0,,,,,,,,,0.4807229340076446,0.7867443561553955,440
441,441.0,441.0,,,,,,,,,0.44893479347229,0.6017400026321411,441
442,442.0,442.0,,,,,,,,,0.5197910070419312,0.6440778374671936,442
443,443.0,443.0,,,,,,,,,0.4924447238445282,0.5612664222717285,443
444,444.0,444.0,,,,,,,,,0.5178307294845581,0.6267727017402649,444
445,445.0,445.0,,,,,,,,,0.4845677614212036,0.5566493272781372,445
446,446.0,446.0,,,,,,,,,0.5635337233543396,0.6294299364089966,446
447,447.0,447.0,,,,,,,,,0.5386197566986084,0.5867890119552612,447
448,448.0,448.0,,,,,,,,,0.5157058835029602,0.6447842717170715,448
449,449.0,449.0,,,,,,,,,0.4799737632274627,0.5577306747436523,449
450,450.0,450.0,,,,,,,,,0.5532755851745605,0.6040856838226318,450
451,451.0,451.0,,,,,,,,,0.5223637819290161,0.5617097616195679,451
452,452.0,,,,,,,,,,0.5138982534408569,0.6547852754592896,452
453,453.0,,,,,,,,,,0.4783536195755005,0.568972647190094,453
454,454.0,,,,,,,,,,0.5514917969703674,0.5961393117904663,454
455,455.0,,,,,,,,,,0.5193600058555603,0.5538766384124756,455
456,456.0,,,,,,,,,,0.5393479466438293,0.5694169998168945,456
457,457.0,,,,,,,,,,0.5150617361068726,0.5177289247512817,457
458,458.0,,,,,,,,,,0.5828303098678589,0.583407998085022,458
459,459.0,,,,,,,,,,0.5732952952384949,0.5765472650527954,459
460,460.0,,,,,,,,,,0.5339617729187012,0.5860515832901001,460
461,461.0,,,,,,,,,,0.5146475434303284,0.518788754940033,461
462,462.0,,,,,,,,,,0.5738189220428467,0.5742624998092651,462
463,463.0,,,,,,,,,,0.5576107501983643,0.5591370463371277,463
464,464.0,,,,,,,,,,0.5345488786697388,0.5784763097763062,464
465,465.0,,,,,,,,,,0.5150554180145264,0.5158603191375732,465
466,466.0,,,,,,,,,,0.572395920753479,0.5729703903198242,466
467,467.0,,,,,,,,,,0.5563639998435974,0.557433009147644,467
468,468.0,,,,,,,,,,0.5636476278305054,0.612916111946106,468
469,469.0,,,,,,,,,,0.5484169125556946,0.6422553062438965,469
470,470.0,,,,,,,,,,0.5857367515563965,0.6186739206314087,470
471,471.0,,,,,,,,,,0.5226597189903259,0.6042383313179016,471
472,472.0,,,,,,,,,,0.5607236623764038,0.6206089854240417,472
473,473.0,,,,,,,,,,0.5417788028717041,0.6335557699203491,473
474,474.0,,,,,,,,,,0.5753910541534424,0.6049798727035522,474
475,475.0,,,,,,,,,,0.5207091569900513,0.5994904637336731,475
476,476.0,,,,,,,,,,0.556829035282135,0.6265063285827637,476
477,477.0,,,,,,,,,,0.5414982438087463,0.6369134783744812,477
478,478.0,,,,,,,,,,0.572166919708252,0.6010984182357788,478
479,479.0,,,,,,,,,,0.5137370228767395,0.616297721862793,479
480,480.0,,,,,,,,,,0.5752163529396057,0.597415566444397,480
481,481.0,,,,,,,,,,0.6017364859580994,0.5878051519393921,481
482,482.0,,,,,,,,,,0.5977552533149719,0.6056902408599854,482
483,483.0,,,,,,,,,,0.5459014773368835,0.6020563840866089,483
484,484.0,,,,,,,,,,0.5700388550758362,0.6053593754768372,484
485,485.0,,,,,,,,,,0.6045012474060059,0.5915288329124451,485
486,486.0,,,,,,,,,,0.5896145105361938,0.5934983491897583,486
487,487.0,,,,,,,,,,0.5435541868209839,0.5864855647087097,487
488,488.0,,,,,,,,,,0.5690163969993591,0.5910638570785522,488
489,489.0,,,,,,,,,,0.5930396914482117,0.5702425241470337,489
490,490.0,,,,,,,,,,0.5880029201507568,0.5909566879272461,490
491,491.0,,,,,,,,,,0.5419989228248596,0.5954073667526245,491
492,492.0,,,,,,,,,,0.5878936052322388,0.5950980186462402,492
493,493.0,,,,,,,,,,0.7767693996429443,0.5565440058708191,493
494,494.0,,,,,,,,,,0.6153587102890015,0.5997236371040344,494
495,495.0,,,,,,,,,,0.5756685733795166,0.5674389004707336,495
496,496.0,,,,,,,,,,0.5817796587944031,0.575600266456604,496
497,497.0,,,,,,,,,,0.7834681868553162,0.5551484823226929,497
498,498.0,,,,,,,,,,0.6075025796890259,0.601259708404541,498
499,499.0,,,,,,,,,,0.5716904997825623,0.5605066418647766,499
500,500.0,,,,,,,,,,0.5843182802200317,0.5871092677116394,500
501,501.0,,,,,,,,,,0.7641139030456543,0.5594609379768372,501
502,502.0,,,,,,,,,,0.6054661273956299,0.5989083051681519,502
503,503.0,,,,,,,,,,0.5697696805000305,0.5623476505279541,503
504,504.0,,,,,,,,,,0.5182737708091736,0.689302384853363,504
505,505.0,,,,,,,,,,0.4613613784313202,0.5768417716026306,505
506,506.0,,,,,,,,,,0.5654152035713196,0.6372122764587402,506
507,507.0,,,,,,,,,,0.5129767060279846,0.5934828519821167,507
508,508.0,,,,,,,,,,0.5109876394271851,0.7118004560470581,508
509,509.0,,,,,,,,,,0.4506078362464905,0.5597051382064819,509
510,510.0,,,,,,,,,,0.5497329831123352,0.6081094145774841,510
511,511.0,,,,,,,,,,0.4992322623729706,0.5759792327880859,511
512,512.0,,,,,,,,,,0.51175856590271,0.7228052616119385,512
513,513.0,,,,,,,,,,0.4505919516086578,0.5664416551589966,513
514,514.0,,,,,,,,,,0.543911874294281,0.6076643466949463,514
515,515.0,,,,,,,,,,0.4971032738685608,0.5717635750770569,515
516,516.0,,,,,,,,,,0.5420572757720947,0.6193403005599976,516
517,517.0,,,,,,,,,,0.4904031455516815,0.5433052778244019,517
518,518.0,,,,,,,,,,0.5811754465103149,0.6097952127456665,518
519,519.0,,,,,,,,,,0.5361738801002502,0.5798854827880859,519
520,520.0,,,,,,,,,,0.5386127829551697,0.6397544145584106,520
521,521.0,,,,,,,,,,0.4827882051467895,0.5308364629745483,521
522,522.0,,,,,,,,,,0.570461094379425,0.5906222462654114,522
523,523.0,,,,,,,,,,0.5252191424369812,0.5618585348129272,523
524,524.0,,,,,,,,,,0.5367329120635986,0.6353412866592407,524
525,525.0,,,,,,,,,,0.4818993508815765,0.5373855233192444,525
526,526.0,,,,,,,,,,0.5689159035682678,0.5886303782463074,526
527,527.0,,,,,,,,,,0.5241860747337341,0.5600184798240662,527
528,528.0,,,,,,,,,,0.5565216541290283,0.5728538632392883,528
529,529.0,,,,,,,,,,0.525551438331604,0.5273223519325256,529
530,530.0,,,,,,,,,,0.5942963361740112,0.5895010232925415,530
531,531.0,,,,,,,,,,0.5670763850212097,0.5708135366439819,531
532,532.0,,,,,,,,,,0.553490400314331,0.5713244676589966,532
533,533.0,,,,,,,,,,0.5207030773162842,0.5184667706489563,533
534,534.0,,,,,,,,,,0.5849668383598328,0.5800737142562866,534
535,535.0,,,,,,,,,,0.5581042766571045,0.559444785118103,535
536,536.0,,,,,,,,,,0.5538547039031982,0.5809987187385559,536
537,537.0,,,,,,,,,,0.5211916565895081,0.5212054252624512,537
538,538.0,,,,,,,,,,0.5834190845489502,0.5782605409622192,538
539,539.0,,,,,,,,,,0.5564242601394653,0.5575143694877625,539
540,540.0,,,,,,,,,,0.5854083895683289,0.6199702620506287,540
541,541.0,,,,,,,,,,0.902301788330078,0.6728330850601196,541
542,542.0,,,,,,,,,,0.6033497452735901,0.6520212292671204,542
543,543.0,,,,,,,,,,0.5148263573646545,0.6155746579170227,543
544,544.0,,,,,,,,,,0.577013373374939,0.6139203310012817,544
545,545.0,,,,,,,,,,0.9252262115478516,0.6830474138259888,545
546,546.0,,,,,,,,,,0.58854079246521,0.6240288615226746,546
547,547.0,,,,,,,,,,0.509122908115387,0.602896511554718,547
548,548.0,,,,,,,,,,0.5737133622169495,0.6150332093238831,548
549,549.0,,,,,,,,,,0.8907442688941956,0.6806954741477966,549
550,550.0,,,,,,,,,,0.5841054320335388,0.6104692220687866,550
551,551.0,,,,,,,,,,0.5052275657653809,0.6064869165420532,551
552,552.0,,,,,,,,,,0.5941729545593262,0.6015472412109375,552
553,553.0,,,,,,,,,,1.2595771551132202,0.6539291739463806,553
554,554.0,,,,,,,,,,0.6165710687637329,0.616867184638977,554
555,555.0,,,,,,,,,,0.5380173921585083,0.5808607339859009,555
556,556.0,,,,,,,,,,0.5876492857933044,0.6037384867668152,556
557,557.0,,,,,,,,,,1.2881120443344116,0.6425459980964661,557
558,558.0,,,,,,,,,,0.6044464111328125,0.6007389426231384,558
559,559.0,,,,,,,,,,0.5307182669639587,0.5801230669021606,559
560,560.0,,,,,,,,,,0.5858626961708069,0.6042363047599792,560
561,561.0,,,,,,,,,,1.2848069667816162,0.6458951234817505,561
562,562.0,,,,,,,,,,0.6017915606498718,0.5964778661727905,562
563,563.0,,,,,,,,,,0.5281054377555847,0.5873494148254395,563
564,564.0,,,,,,,,,,0.6114616394042969,0.5946846008300781,564
565,565.0,,,,,,,,,,1.917557716369629,0.6729715466499329,565
566,566.0,,,,,,,,,,0.6394344568252563,0.6097010374069214,566
567,567.0,,,,,,,,,,0.5670858025550842,0.5661009550094604,567
568,568.0,,,,,,,,,,0.6061745285987854,0.600960373878479,568
569,569.0,,,,,,,,,,1.7660592794418335,0.6820333003997803,569
570,570.0,,,,,,,,,,0.6265727877616882,0.5987611413002014,570
571,571.0,,,,,,,,,,0.560425877571106,0.5653215646743774,571
572,572.0,,,,,,,,,,0.6050575375556946,0.5926769375801086,572
573,573.0,,,,,,,,,,1.8878190517425537,0.704224705696106,573
574,574.0,,,,,,,,,,0.6247260570526123,0.5916601419448853,574
575,575.0,,,,,,,,,,0.5600405335426331,0.5571179389953613,575
576,576.0,,,,,,,,,,0.546517550945282,0.6516624689102173,576
577,577.0,,,,,,,,,,0.4916956722736358,0.5703995823860168,577
578,578.0,,,,,,,,,,0.5502129793167114,0.6597465872764587,578
579,579.0,,,,,,,,,,1.0946615934371948,1.1012215614318848,579
580,580.0,,,,,,,,,,0.5454567670822144,0.6787151098251343,580
581,581.0,,,,,,,,,,0.4915874004364013,0.5831927061080933,581
582,582.0,,,,,,,,,,0.546675980091095,0.6740987300872803,582
583,583.0,,,,,,,,,,0.7731270790100098,0.7920894622802734,583
584,584.0,,,,,,,,,,0.5449116826057434,0.6658359169960022,584
585,585.0,,,,,,,,,,0.492207258939743,0.5848662257194519,585
586,586.0,,,,,,,,,,0.5472641587257385,0.6518495678901672,586
587,587.0,,,,,,,,,,0.5473480224609375,0.5817605257034302,587
588,588.0,,,,,,,,,,0.5577179789543152,0.604631781578064,588
589,589.0,,,,,,,,,,0.513641893863678,0.5619584321975708,589
590,590.0,,,,,,,,,,0.5758253931999207,0.6128448247909546,590
591,591.0,,,,,,,,,,1.0970239639282229,1.1006696224212646,591
592,592.0,,,,,,,,,,0.5566011667251587,0.6393502354621887,592
593,,,,,,,,,,,0.5138366222381592,0.5642326474189758,593
594,,,,,,,,,,,0.5790660977363586,0.6107026934623718,594
595,,,,,,,,,,,0.7196957468986511,0.6954753994941711,595
596,,,,,,,,,,,0.5600621700286865,0.6122111678123474,596
597,,,,,,,,,,,0.5183297991752625,0.5600188970565796,597
598,,,,,,,,,,,0.5786648392677307,0.6067164540290833,598
599,,,,,,,,,,,0.5907995104789734,0.5747666954994202,599
600,,,,,,,,,,,0.5706320405006409,0.5768518447875977,600
601,,,,,,,,,,,0.5474076867103577,0.548693060874939,601
602,,,,,,,,,,,0.6032862663269043,0.6070877909660339,602
603,,,,,,,,,,,1.098362922668457,1.0999667644500732,603
604,,,,,,,,,,,0.5684344172477722,0.5782846212387085,604
605,,,,,,,,,,,0.548138439655304,0.5539400577545166,605
606,,,,,,,,,,,0.6057885885238647,0.6015336513519287,606
607,,,,,,,,,,,1.0154415369033813,0.9962242245674133,607
608,,,,,,,,,,,0.5695589184761047,0.5840319395065308,608
609,,,,,,,,,,,0.5507333278656006,0.556583046913147,609
610,,,,,,,,,,,0.6001837849617004,0.5789726972579956,610
611,,,,,,,,,,,0.6618186235427856,0.5805561542510986,611
612,,,,,,,,,,,0.5720269680023193,0.637410044670105,612
613,,,,,,,,,,,0.5123569369316101,0.5706726312637329,613
614,,,,,,,,,,,0.5894231796264648,0.6257335543632507,614
615,,,,,,,,,,,1.0946749448776245,1.1012290716171265,615
616,,,,,,,,,,,0.5764362215995789,0.6343652009963989,616
617,,,,,,,,,,,0.5090324282646179,0.5621718764305115,617
618,,,,,,,,,,,0.5878298282623291,0.6267457008361816,618
619,,,,,,,,,,,0.5812577605247498,0.6310768723487854,619
620,,,,,,,,,,,0.5712379813194275,0.6335781812667847,620
621,,,,,,,,,,,0.5142911076545715,0.5647536516189575,621
622,,,,,,,,,,,0.5821200013160706,0.6213017702102661,622
623,,,,,,,,,,,0.5841044783592224,0.6361954212188721,623
624,,,,,,,,,,,0.5739474296569824,0.6157652735710144,624
625,,,,,,,,,,,0.5479440689086914,0.5599988102912903,625
626,,,,,,,,,,,0.6031132340431213,0.6226422190666199,626
627,,,,,,,,,,,1.0970675945281982,1.1006108522415161,627
628,,,,,,,,,,,0.579292356967926,0.6100033521652222,628
629,,,,,,,,,,,0.5453303456306458,0.5497811436653137,629
630,,,,,,,,,,,0.5994991660118103,0.6031206846237183,630
631,,,,,,,,,,,0.6171165108680725,0.6139904260635376,631
632,,,,,,,,,,,0.5778297781944275,0.5991940498352051,632
633,,,,,,,,,,,0.5415690541267395,0.5592873692512512,633
634,,,,,,,,,,,0.5989868640899658,0.6178474426269531,634
635,,,,,,,,,,,0.6167524456977844,0.6135795712471008,635
636,,,,,,,,,,,0.5882213115692139,0.5739086270332336,636
637,,,,,,,,,,,0.585747480392456,0.5723971724510193,637
638,,,,,,,,,,,0.6295549273490906,0.6354089975357056,638
639,,,,,,,,,,,1.0983731746673584,1.0999503135681152,639
640,,,,,,,,,,,0.5840734243392944,0.5737022757530212,640
641,,,,,,,,,,,0.5812245607376099,0.5521059036254883,641
642,,,,,,,,,,,0.6226874589920044,0.6120914220809937,642
643,,,,,,,,,,,0.6650701761245728,0.5804767608642578,643
644,,,,,,,,,,,0.5874984860420227,0.5835506319999695,644
645,,,,,,,,,,,0.5748316049575806,0.5736421346664429,645
646,,,,,,,,,,,0.6204529404640198,0.6134983897209167,646
647,,,,,,,,,,,0.6570380926132202,0.5795340538024902,647
